-- MySQL dump 10.13  Distrib 5.7.27, for Linux (x86_64)
--
-- Host: tennisdemo.cuipfharsvyi.us-east-1.rds.amazonaws.com    Database: tennis
-- ------------------------------------------------------
-- Server version	8.0.11

/*!40101 SET @OLD_CHARACTER_SET_CLIENT=@@CHARACTER_SET_CLIENT */;
/*!40101 SET @OLD_CHARACTER_SET_RESULTS=@@CHARACTER_SET_RESULTS */;
/*!40101 SET @OLD_COLLATION_CONNECTION=@@COLLATION_CONNECTION */;
/*!40101 SET NAMES utf8 */;
/*!40103 SET @OLD_TIME_ZONE=@@TIME_ZONE */;
/*!40103 SET TIME_ZONE='+00:00' */;
/*!40014 SET @OLD_UNIQUE_CHECKS=@@UNIQUE_CHECKS, UNIQUE_CHECKS=0 */;
/*!40014 SET @OLD_FOREIGN_KEY_CHECKS=@@FOREIGN_KEY_CHECKS, FOREIGN_KEY_CHECKS=0 */;
/*!40101 SET @OLD_SQL_MODE=@@SQL_MODE, SQL_MODE='NO_AUTO_VALUE_ON_ZERO' */;
/*!40111 SET @OLD_SQL_NOTES=@@SQL_NOTES, SQL_NOTES=0 */;

--
-- Table structure for table `ACCESS_TYPE`
--

DROP TABLE IF EXISTS `ACCESS_TYPE`;
/*!40101 SET @saved_cs_client     = @@character_set_client */;
/*!40101 SET character_set_client = utf8 */;
CREATE TABLE `ACCESS_TYPE` (
  `ACCESS_TYPE_ID` int(11) NOT NULL,
  `ACCESS_TYPE_NAME` varchar(50) DEFAULT NULL,
  PRIMARY KEY (`ACCESS_TYPE_ID`)
) ENGINE=InnoDB DEFAULT CHARSET=utf8mb4 COLLATE=utf8mb4_0900_ai_ci;
/*!40101 SET character_set_client = @saved_cs_client */;

--
-- Dumping data for table `ACCESS_TYPE`
--

LOCK TABLES `ACCESS_TYPE` WRITE;
/*!40000 ALTER TABLE `ACCESS_TYPE` DISABLE KEYS */;
INSERT INTO `ACCESS_TYPE` VALUES (1,'PUBLIC'),(2,'PRIVATE');
/*!40000 ALTER TABLE `ACCESS_TYPE` ENABLE KEYS */;
UNLOCK TABLES;

--
-- Table structure for table `ADDRESS`
--

DROP TABLE IF EXISTS `ADDRESS`;
/*!40101 SET @saved_cs_client     = @@character_set_client */;
/*!40101 SET character_set_client = utf8 */;
CREATE TABLE `ADDRESS` (
  `ADDRESS_ID` int(11) NOT NULL,
  `STREET_ADDRESS_1` varchar(255) NOT NULL,
  `STREET_ADDRESS_2` varchar(255) DEFAULT NULL,
  `CITY` varchar(100) NOT NULL,
  `STATE` varchar(100) NOT NULL,
  `COUNTRY` varchar(100) NOT NULL,
  `ZIP` int(9) NOT NULL,
  PRIMARY KEY (`ADDRESS_ID`)
) ENGINE=InnoDB DEFAULT CHARSET=utf8mb4 COLLATE=utf8mb4_0900_ai_ci;
/*!40101 SET character_set_client = @saved_cs_client */;

--
-- Dumping data for table `ADDRESS`
--

LOCK TABLES `ADDRESS` WRITE;
/*!40000 ALTER TABLE `ADDRESS` DISABLE KEYS */;
INSERT INTO `ADDRESS` VALUES (1,'1323 Lake Lucerne Way','Apt 204','Brandon','Florida','US',33610);
/*!40000 ALTER TABLE `ADDRESS` ENABLE KEYS */;
UNLOCK TABLES;

--
-- Table structure for table `CONNECTION_DETAILS`
--

DROP TABLE IF EXISTS `CONNECTION_DETAILS`;
/*!40101 SET @saved_cs_client     = @@character_set_client */;
/*!40101 SET character_set_client = utf8 */;
CREATE TABLE `CONNECTION_DETAILS` (
  `CONNECTION_ID` int(11) NOT NULL,
  `CONNECTION_NAME` varchar(50) NOT NULL,
  `JDBC_URL` varchar(500) DEFAULT NULL,
  `HOST_NAME` varchar(100) NOT NULL,
  `PORT_NO` int(11) NOT NULL,
  `SERVICE_NAME` varchar(50) NOT NULL,
  `USER_ID` varchar(50) NOT NULL,
  `ENCRYPTED_PASSWORD` varchar(250) NOT NULL,
  `DRIVER_NAME` varchar(500) NOT NULL,
  `FL_ACTIVE` int(11) DEFAULT '0',
  `COMMENTS` varchar(500) DEFAULT NULL,
  PRIMARY KEY (`CONNECTION_ID`)
) ENGINE=InnoDB DEFAULT CHARSET=utf8mb4 COLLATE=utf8mb4_0900_ai_ci;
/*!40101 SET character_set_client = @saved_cs_client */;

--
-- Dumping data for table `CONNECTION_DETAILS`
--

LOCK TABLES `CONNECTION_DETAILS` WRITE;
/*!40000 ALTER TABLE `CONNECTION_DETAILS` DISABLE KEYS */;
INSERT INTO `CONNECTION_DETAILS` VALUES (1,'DBTENNIS','jdbc:mysql://tennis.cnx63aff1prh.us-east-1.rds.amazonaws.com:3306/tennis','tennis.cnx63aff1prh.us-east-1.rds.amazonaws.com',3306,'tennis','admin','tennis123','com.mysql.jdbc.Driver',1,NULL);
/*!40000 ALTER TABLE `CONNECTION_DETAILS` ENABLE KEYS */;
UNLOCK TABLES;

--
-- Table structure for table `COURT`
--

DROP TABLE IF EXISTS `COURT`;
/*!40101 SET @saved_cs_client     = @@character_set_client */;
/*!40101 SET character_set_client = utf8 */;
CREATE TABLE `COURT` (
  `COURT_ID` int(11) NOT NULL,
  `COURT_NAME` varchar(50) NOT NULL,
  `ADDRESS_ID` int(11) NOT NULL,
  `ACTIVE` int(1) DEFAULT '1',
  `COURT_TYPE_ID` int(11) NOT NULL,
  `ACCESS_TYPE_ID` int(11) NOT NULL,
  `COURT_RATING_ID` int(11) NOT NULL DEFAULT '3',
  PRIMARY KEY (`COURT_ID`),
  KEY `COURT_ADDRESS_FK` (`ADDRESS_ID`),
  KEY `COURT_COURT_TYPE_FK` (`COURT_TYPE_ID`),
  KEY `COURT_ACCESS_TYPE_FK` (`ACCESS_TYPE_ID`),
  KEY `COURT_COURT_RATING_ID_FK` (`COURT_RATING_ID`),
  CONSTRAINT `COURT_ACCESS_TYPE_FK` FOREIGN KEY (`ACCESS_TYPE_ID`) REFERENCES `ACCESS_TYPE` (`access_type_id`),
  CONSTRAINT `COURT_ADDRESS_FK` FOREIGN KEY (`ADDRESS_ID`) REFERENCES `ADDRESS` (`address_id`),
  CONSTRAINT `COURT_COURT_RATING_ID_FK` FOREIGN KEY (`COURT_RATING_ID`) REFERENCES `COURT_RATING` (`court_rating_id`),
  CONSTRAINT `COURT_COURT_TYPE_FK` FOREIGN KEY (`COURT_TYPE_ID`) REFERENCES `COURT_TYPE` (`court_type_id`)
) ENGINE=InnoDB DEFAULT CHARSET=utf8mb4 COLLATE=utf8mb4_0900_ai_ci;
/*!40101 SET character_set_client = @saved_cs_client */;

--
-- Dumping data for table `COURT`
--

LOCK TABLES `COURT` WRITE;
/*!40000 ALTER TABLE `COURT` DISABLE KEYS */;
/*!40000 ALTER TABLE `COURT` ENABLE KEYS */;
UNLOCK TABLES;

--
-- Table structure for table `COURT_RATING`
--

DROP TABLE IF EXISTS `COURT_RATING`;
/*!40101 SET @saved_cs_client     = @@character_set_client */;
/*!40101 SET character_set_client = utf8 */;
CREATE TABLE `COURT_RATING` (
  `COURT_RATING_ID` int(11) NOT NULL,
  `COURT_RATING_NAME` varchar(50) DEFAULT NULL,
  `COURT_RATING_VALUE` varchar(5) DEFAULT NULL,
  PRIMARY KEY (`COURT_RATING_ID`)
) ENGINE=InnoDB DEFAULT CHARSET=utf8mb4 COLLATE=utf8mb4_0900_ai_ci;
/*!40101 SET character_set_client = @saved_cs_client */;

--
-- Dumping data for table `COURT_RATING`
--

LOCK TABLES `COURT_RATING` WRITE;
/*!40000 ALTER TABLE `COURT_RATING` DISABLE KEYS */;
INSERT INTO `COURT_RATING` VALUES (1,'ONE','*'),(2,'TWO','**'),(3,'THREE','***'),(4,'FOUR','****'),(5,'FIVE','*****');
/*!40000 ALTER TABLE `COURT_RATING` ENABLE KEYS */;
UNLOCK TABLES;

--
-- Table structure for table `COURT_TYPE`
--

DROP TABLE IF EXISTS `COURT_TYPE`;
/*!40101 SET @saved_cs_client     = @@character_set_client */;
/*!40101 SET character_set_client = utf8 */;
CREATE TABLE `COURT_TYPE` (
  `COURT_TYPE_ID` int(11) NOT NULL,
  `COURT_TYPE_NAME` varchar(500) DEFAULT NULL,
  `COURT_TYPE_DISPLAY_NAME` varchar(500) DEFAULT NULL,
  PRIMARY KEY (`COURT_TYPE_ID`)
) ENGINE=InnoDB DEFAULT CHARSET=utf8mb4 COLLATE=utf8mb4_0900_ai_ci;
/*!40101 SET character_set_client = @saved_cs_client */;

--
-- Dumping data for table `COURT_TYPE`
--

LOCK TABLES `COURT_TYPE` WRITE;
/*!40000 ALTER TABLE `COURT_TYPE` DISABLE KEYS */;
INSERT INTO `COURT_TYPE` VALUES (1,'HARD','Hard'),(2,'CLAY','Clay'),(3,'GRASS','Grass');
/*!40000 ALTER TABLE `COURT_TYPE` ENABLE KEYS */;
UNLOCK TABLES;

--
-- Table structure for table `GAME_TYPE`
--

DROP TABLE IF EXISTS `GAME_TYPE`;
/*!40101 SET @saved_cs_client     = @@character_set_client */;
/*!40101 SET character_set_client = utf8 */;
CREATE TABLE `GAME_TYPE` (
  `GAME_TYPE_ID` int(11) NOT NULL AUTO_INCREMENT,
  `GAME_TYPE_NAME` varchar(50) NOT NULL,
  `GAME_TYPE_DISPLAY_NAME` varchar(50) NOT NULL,
  PRIMARY KEY (`GAME_TYPE_ID`)
) ENGINE=InnoDB AUTO_INCREMENT=5 DEFAULT CHARSET=utf8mb4 COLLATE=utf8mb4_0900_ai_ci;
/*!40101 SET character_set_client = @saved_cs_client */;

--
-- Dumping data for table `GAME_TYPE`
--

LOCK TABLES `GAME_TYPE` WRITE;
/*!40000 ALTER TABLE `GAME_TYPE` DISABLE KEYS */;
INSERT INTO `GAME_TYPE` VALUES (1,'SINGLES','Singles'),(2,'DOUBLES','Doubles'),(3,'MIXED_DOUBLES','Mixed Doubles'),(4,'MIXED_SINGLES','Mixed Singles');
/*!40000 ALTER TABLE `GAME_TYPE` ENABLE KEYS */;
UNLOCK TABLES;

--
-- Table structure for table `MATCH_DETAILS`
--

DROP TABLE IF EXISTS `MATCH_DETAILS`;
/*!40101 SET @saved_cs_client     = @@character_set_client */;
/*!40101 SET character_set_client = utf8 */;
CREATE TABLE `MATCH_DETAILS` (
  `MATCH_ID` int(11) NOT NULL,
  `MATCH_NAME` varchar(50) NOT NULL,
  `PLAYER_ID_1` int(11) NOT NULL,
  `PLAYER_ID_2` int(11) NOT NULL,
  `PLAYER_ID_3` int(11) DEFAULT NULL,
  `PLAYER_ID_4` int(11) DEFAULT NULL,
  `MATCH_TYPE_ID` int(1) NOT NULL DEFAULT '1',
  `GAME_TYPE_ID` int(11) NOT NULL DEFAULT '1',
  `RESULT_TYPE_ID` int(1) DEFAULT NULL,
  `SCORE_ID` int(11) DEFAULT NULL,
  `TOURNAMENT_ID` int(11) DEFAULT NULL,
  `DIVISION` decimal(5,2) DEFAULT NULL,
  `COMMENT` varchar(500) DEFAULT NULL,
  `COURT_ID` int(11) DEFAULT NULL,
  `SCHEDULE_ID_1` int(11) DEFAULT NULL,
  `SCHEDULE_ID_2` int(11) DEFAULT NULL,
  `SCHEDULE_ID_3` int(11) DEFAULT NULL,
  `MEDIA_ID` int(11) DEFAULT NULL,
  `START_DATE` datetime DEFAULT NULL,
  `END_DATE` datetime DEFAULT NULL,
  `PLAYED_TIME` datetime DEFAULT NULL,
  `CREATED_TIME` datetime DEFAULT NULL,
  PRIMARY KEY (`MATCH_ID`),
  KEY `MATCH_PLAYER_FK1` (`PLAYER_ID_1`),
  KEY `MATCH_PLAYER_FK2` (`PLAYER_ID_2`),
  KEY `MATCH_PLAYER_FK3` (`PLAYER_ID_3`),
  KEY `MATCH_PLAYER_FK4` (`PLAYER_ID_4`),
  KEY `MATCH_MATCH_TYPE_FK` (`MATCH_TYPE_ID`),
  KEY `MATCH_RESULT_TYPE_FK` (`RESULT_TYPE_ID`),
  KEY `MATCH_SCORE_FK` (`SCORE_ID`),
  KEY `MATCH_TOURNAMENT_FK` (`TOURNAMENT_ID`),
  KEY `MATCH_TOURNAMENT_FK_2` (`DIVISION`),
  KEY `MATCH_COURT_FK` (`COURT_ID`),
  KEY `MATCH_MEDIA_ID_FK` (`MEDIA_ID`),
  KEY `MATCH_SCHEDULE_ID_FK1` (`SCHEDULE_ID_1`),
  KEY `MATCH_SCHEDULE_ID_FK2` (`SCHEDULE_ID_2`),
  KEY `MATCH_SCHEDULE_ID_FK3` (`SCHEDULE_ID_3`),
  KEY `MATCH_GAME_TYPE_ID_FK` (`GAME_TYPE_ID`),
  CONSTRAINT `MATCH_COURT_FK` FOREIGN KEY (`COURT_ID`) REFERENCES `COURT` (`court_id`),
  CONSTRAINT `MATCH_GAME_TYPE_ID_FK` FOREIGN KEY (`GAME_TYPE_ID`) REFERENCES `GAME_TYPE` (`game_type_id`),
  CONSTRAINT `MATCH_MATCH_TYPE_FK` FOREIGN KEY (`MATCH_TYPE_ID`) REFERENCES `MATCH_TYPE` (`match_type_id`),
  CONSTRAINT `MATCH_MEDIA_ID_FK` FOREIGN KEY (`MEDIA_ID`) REFERENCES `MEDIA` (`media_id`),
  CONSTRAINT `MATCH_PLAYER_FK1` FOREIGN KEY (`PLAYER_ID_1`) REFERENCES `PLAYER` (`player_id`),
  CONSTRAINT `MATCH_PLAYER_FK2` FOREIGN KEY (`PLAYER_ID_2`) REFERENCES `PLAYER` (`player_id`),
  CONSTRAINT `MATCH_PLAYER_FK3` FOREIGN KEY (`PLAYER_ID_3`) REFERENCES `PLAYER` (`player_id`),
  CONSTRAINT `MATCH_PLAYER_FK4` FOREIGN KEY (`PLAYER_ID_4`) REFERENCES `PLAYER` (`player_id`),
  CONSTRAINT `MATCH_RESULT_TYPE_FK` FOREIGN KEY (`RESULT_TYPE_ID`) REFERENCES `RESULT_TYPE` (`result_type_id`),
  CONSTRAINT `MATCH_SCHEDULE_ID_FK1` FOREIGN KEY (`SCHEDULE_ID_1`) REFERENCES `SCHEDULE` (`schedule_id`),
  CONSTRAINT `MATCH_SCHEDULE_ID_FK2` FOREIGN KEY (`SCHEDULE_ID_2`) REFERENCES `SCHEDULE` (`schedule_id`),
  CONSTRAINT `MATCH_SCHEDULE_ID_FK3` FOREIGN KEY (`SCHEDULE_ID_3`) REFERENCES `SCHEDULE` (`schedule_id`),
  CONSTRAINT `MATCH_SCORE_FK` FOREIGN KEY (`SCORE_ID`) REFERENCES `SCORE` (`score_id`),
  CONSTRAINT `MATCH_TOURNAMENT_FK` FOREIGN KEY (`TOURNAMENT_ID`) REFERENCES `TOURNAMENT` (`tournament_id`),
  CONSTRAINT `MATCH_TOURNAMENT_FK_2` FOREIGN KEY (`DIVISION`) REFERENCES `TOURNAMENT` (`division`)
) ENGINE=InnoDB DEFAULT CHARSET=utf8mb4 COLLATE=utf8mb4_0900_ai_ci;
/*!40101 SET character_set_client = @saved_cs_client */;

--
-- Dumping data for table `MATCH_DETAILS`
--

LOCK TABLES `MATCH_DETAILS` WRITE;
/*!40000 ALTER TABLE `MATCH_DETAILS` DISABLE KEYS */;
INSERT INTO `MATCH_DETAILS` VALUES (1,'Brandon Open - Fall 2019-Round1-Match1',2,10,NULL,NULL,2,1,1,1,1,1.10,NULL,NULL,NULL,NULL,NULL,NULL,'2019-09-01 00:00:00','2019-09-08 00:00:00',NULL,'2019-09-21 01:14:12'),(2,'Brandon Open - Fall 2019-Round1-Match2',3,9,NULL,NULL,2,1,NULL,NULL,1,1.10,NULL,NULL,NULL,NULL,NULL,NULL,'2019-09-01 00:00:00','2019-09-08 00:00:00',NULL,'2019-09-21 01:14:12'),(3,'Brandon Open - Fall 2019-Round1-Match3',1,8,NULL,NULL,2,1,NULL,NULL,1,1.10,NULL,NULL,NULL,NULL,NULL,NULL,'2019-09-01 00:00:00','2019-09-08 00:00:00',NULL,'2019-09-21 01:14:12'),(4,'Brandon Open - Fall 2019-Round1-Match4',4,7,NULL,NULL,2,1,NULL,NULL,1,1.10,NULL,NULL,NULL,NULL,NULL,NULL,'2019-09-01 00:00:00','2019-09-08 00:00:00',NULL,'2019-09-21 01:14:12'),(5,'Brandon Open - Fall 2019-Round1-Match5',5,6,NULL,NULL,2,1,NULL,NULL,1,1.10,NULL,NULL,NULL,NULL,NULL,NULL,'2019-09-01 00:00:00','2019-09-08 00:00:00',NULL,'2019-09-21 01:14:12'),(6,'Brandon Open - Fall 2019-Round2-Match6',2,9,NULL,NULL,2,1,NULL,NULL,1,1.10,NULL,NULL,NULL,NULL,NULL,NULL,'2019-09-08 00:00:00','2019-09-15 00:00:00',NULL,'2019-09-21 01:14:12'),(7,'Brandon Open - Fall 2019-Round2-Match7',10,8,NULL,NULL,2,1,NULL,NULL,1,1.10,NULL,NULL,NULL,NULL,NULL,NULL,'2019-09-08 00:00:00','2019-09-15 00:00:00',NULL,'2019-09-21 01:14:12'),(8,'Brandon Open - Fall 2019-Round2-Match8',3,7,NULL,NULL,2,1,NULL,NULL,1,1.10,NULL,NULL,NULL,NULL,NULL,NULL,'2019-09-08 00:00:00','2019-09-15 00:00:00',NULL,'2019-09-21 01:14:12'),(9,'Brandon Open - Fall 2019-Round2-Match9',1,6,NULL,NULL,2,1,NULL,NULL,1,1.10,NULL,NULL,NULL,NULL,NULL,NULL,'2019-09-08 00:00:00','2019-09-15 00:00:00',NULL,'2019-09-21 01:14:12'),(10,'Brandon Open - Fall 2019-Round2-Match10',4,5,NULL,NULL,2,1,NULL,NULL,1,1.10,NULL,NULL,NULL,NULL,NULL,NULL,'2019-09-08 00:00:00','2019-09-15 00:00:00',NULL,'2019-09-21 01:14:12'),(11,'Brandon Open - Fall 2019-Round3-Match11',2,8,NULL,NULL,2,1,NULL,NULL,1,1.10,NULL,NULL,NULL,NULL,NULL,NULL,'2019-09-15 00:00:00','2019-09-22 00:00:00',NULL,'2019-09-21 01:14:12'),(12,'Brandon Open - Fall 2019-Round3-Match12',9,7,NULL,NULL,2,1,NULL,NULL,1,1.10,NULL,NULL,NULL,NULL,NULL,NULL,'2019-09-15 00:00:00','2019-09-22 00:00:00',NULL,'2019-09-21 01:14:12'),(13,'Brandon Open - Fall 2019-Round3-Match13',10,6,NULL,NULL,2,1,NULL,NULL,1,1.10,NULL,NULL,NULL,NULL,NULL,NULL,'2019-09-15 00:00:00','2019-09-22 00:00:00',NULL,'2019-09-21 01:14:12'),(14,'Brandon Open - Fall 2019-Round3-Match14',3,5,NULL,NULL,2,1,NULL,NULL,1,1.10,NULL,NULL,NULL,NULL,NULL,NULL,'2019-09-15 00:00:00','2019-09-22 00:00:00',NULL,'2019-09-21 01:14:12'),(15,'Brandon Open - Fall 2019-Round3-Match15',1,4,NULL,NULL,2,1,NULL,NULL,1,1.10,NULL,NULL,NULL,NULL,NULL,NULL,'2019-09-15 00:00:00','2019-09-22 00:00:00',NULL,'2019-09-21 01:14:12'),(16,'Brandon Open - Fall 2019-Round4-Match16',2,7,NULL,NULL,2,1,NULL,NULL,1,1.10,NULL,NULL,NULL,NULL,NULL,NULL,'2019-09-22 00:00:00','2019-09-29 00:00:00',NULL,'2019-09-21 01:14:12'),(17,'Brandon Open - Fall 2019-Round4-Match17',8,6,NULL,NULL,2,1,NULL,NULL,1,1.10,NULL,NULL,NULL,NULL,NULL,NULL,'2019-09-22 00:00:00','2019-09-29 00:00:00',NULL,'2019-09-21 01:14:12'),(18,'Brandon Open - Fall 2019-Round4-Match18',9,5,NULL,NULL,2,1,NULL,NULL,1,1.10,NULL,NULL,NULL,NULL,NULL,NULL,'2019-09-22 00:00:00','2019-09-29 00:00:00',NULL,'2019-09-21 01:14:12'),(19,'Brandon Open - Fall 2019-Round4-Match19',10,4,NULL,NULL,2,1,NULL,NULL,1,1.10,NULL,NULL,NULL,NULL,NULL,NULL,'2019-09-22 00:00:00','2019-09-29 00:00:00',NULL,'2019-09-21 01:14:12'),(20,'Brandon Open - Fall 2019-Round4-Match20',3,1,NULL,NULL,2,1,NULL,NULL,1,1.10,NULL,NULL,NULL,NULL,NULL,NULL,'2019-09-22 00:00:00','2019-09-29 00:00:00',NULL,'2019-09-21 01:14:12'),(21,'Brandon Open - Fall 2019-Round5-Match21',2,6,NULL,NULL,2,1,NULL,NULL,1,1.10,NULL,NULL,NULL,NULL,NULL,NULL,'2019-09-29 00:00:00','2019-10-06 00:00:00',NULL,'2019-09-21 01:14:12'),(22,'Brandon Open - Fall 2019-Round5-Match22',7,5,NULL,NULL,2,1,NULL,NULL,1,1.10,NULL,NULL,NULL,NULL,NULL,NULL,'2019-09-29 00:00:00','2019-10-06 00:00:00',NULL,'2019-09-21 01:14:12'),(23,'Brandon Open - Fall 2019-Round5-Match23',8,4,NULL,NULL,2,1,NULL,NULL,1,1.10,NULL,NULL,NULL,NULL,NULL,NULL,'2019-09-29 00:00:00','2019-10-06 00:00:00',NULL,'2019-09-21 01:14:12'),(24,'Brandon Open - Fall 2019-Round5-Match24',9,1,NULL,NULL,2,1,NULL,NULL,1,1.10,NULL,NULL,NULL,NULL,NULL,NULL,'2019-09-29 00:00:00','2019-10-06 00:00:00',NULL,'2019-09-21 01:14:12'),(25,'Brandon Open - Fall 2019-Round5-Match25',10,3,NULL,NULL,2,1,NULL,NULL,1,1.10,NULL,NULL,NULL,NULL,NULL,NULL,'2019-09-29 00:00:00','2019-10-06 00:00:00',NULL,'2019-09-21 01:14:12'),(26,'Brandon Open - Fall 2019-Round6-Match26',2,5,NULL,NULL,2,1,NULL,NULL,1,1.10,NULL,NULL,NULL,NULL,NULL,NULL,'2019-10-06 00:00:00','2019-10-13 00:00:00',NULL,'2019-09-21 01:14:12'),(27,'Brandon Open - Fall 2019-Round6-Match27',6,4,NULL,NULL,2,1,NULL,NULL,1,1.10,NULL,NULL,NULL,NULL,NULL,NULL,'2019-10-06 00:00:00','2019-10-13 00:00:00',NULL,'2019-09-21 01:14:12'),(28,'Brandon Open - Fall 2019-Round6-Match28',7,1,NULL,NULL,2,1,NULL,NULL,1,1.10,NULL,NULL,NULL,NULL,NULL,NULL,'2019-10-06 00:00:00','2019-10-13 00:00:00',NULL,'2019-09-21 01:14:12'),(29,'Brandon Open - Fall 2019-Round6-Match29',8,3,NULL,NULL,2,1,NULL,NULL,1,1.10,NULL,NULL,NULL,NULL,NULL,NULL,'2019-10-06 00:00:00','2019-10-13 00:00:00',NULL,'2019-09-21 01:14:12'),(30,'Brandon Open - Fall 2019-Round6-Match30',9,10,NULL,NULL,2,1,NULL,NULL,1,1.10,NULL,NULL,NULL,NULL,NULL,NULL,'2019-10-06 00:00:00','2019-10-13 00:00:00',NULL,'2019-09-21 01:14:12'),(31,'Brandon Open - Fall 2019-Round7-Match31',2,4,NULL,NULL,2,1,NULL,NULL,1,1.10,NULL,NULL,NULL,NULL,NULL,NULL,'2019-10-13 00:00:00','2019-10-20 00:00:00',NULL,'2019-09-21 01:14:12'),(32,'Brandon Open - Fall 2019-Round7-Match32',5,1,NULL,NULL,2,1,NULL,NULL,1,1.10,NULL,NULL,NULL,NULL,NULL,NULL,'2019-10-13 00:00:00','2019-10-20 00:00:00',NULL,'2019-09-21 01:14:12'),(33,'Brandon Open - Fall 2019-Round7-Match33',6,3,NULL,NULL,2,1,NULL,NULL,1,1.10,NULL,NULL,NULL,NULL,NULL,NULL,'2019-10-13 00:00:00','2019-10-20 00:00:00',NULL,'2019-09-21 01:14:12'),(34,'Brandon Open - Fall 2019-Round7-Match34',7,10,NULL,NULL,2,1,NULL,NULL,1,1.10,NULL,NULL,NULL,NULL,NULL,NULL,'2019-10-13 00:00:00','2019-10-20 00:00:00',NULL,'2019-09-21 01:14:12'),(35,'Brandon Open - Fall 2019-Round7-Match35',8,9,NULL,NULL,2,1,NULL,NULL,1,1.10,NULL,NULL,NULL,NULL,NULL,NULL,'2019-10-13 00:00:00','2019-10-20 00:00:00',NULL,'2019-09-21 01:14:12'),(36,'Brandon Open - Fall 2019-Round8-Match36',2,1,NULL,NULL,2,1,NULL,NULL,1,1.10,NULL,NULL,NULL,NULL,NULL,NULL,'2019-10-20 00:00:00','2019-10-27 00:00:00',NULL,'2019-09-21 01:14:12'),(37,'Brandon Open - Fall 2019-Round8-Match37',4,3,NULL,NULL,2,1,NULL,NULL,1,1.10,NULL,NULL,NULL,NULL,NULL,NULL,'2019-10-20 00:00:00','2019-10-27 00:00:00',NULL,'2019-09-21 01:14:12'),(38,'Brandon Open - Fall 2019-Round8-Match38',5,10,NULL,NULL,2,1,NULL,NULL,1,1.10,NULL,NULL,NULL,NULL,NULL,NULL,'2019-10-20 00:00:00','2019-10-27 00:00:00',NULL,'2019-09-21 01:14:12'),(39,'Brandon Open - Fall 2019-Round8-Match39',6,9,NULL,NULL,2,1,NULL,NULL,1,1.10,NULL,NULL,NULL,NULL,NULL,NULL,'2019-10-20 00:00:00','2019-10-27 00:00:00',NULL,'2019-09-21 01:14:12'),(40,'Brandon Open - Fall 2019-Round8-Match40',7,8,NULL,NULL,2,1,NULL,NULL,1,1.10,NULL,NULL,NULL,NULL,NULL,NULL,'2019-10-20 00:00:00','2019-10-27 00:00:00',NULL,'2019-09-21 01:14:12'),(41,'Brandon Open - Fall 2019-Round9-Match41',2,3,NULL,NULL,2,1,NULL,NULL,1,1.10,NULL,NULL,NULL,NULL,NULL,NULL,'2019-10-27 00:00:00','2019-11-03 00:00:00',NULL,'2019-09-21 01:14:12'),(42,'Brandon Open - Fall 2019-Round9-Match42',1,10,NULL,NULL,2,1,NULL,NULL,1,1.10,NULL,NULL,NULL,NULL,NULL,NULL,'2019-10-27 00:00:00','2019-11-03 00:00:00',NULL,'2019-09-21 01:14:12'),(43,'Brandon Open - Fall 2019-Round9-Match43',4,9,NULL,NULL,2,1,NULL,NULL,1,1.10,NULL,NULL,NULL,NULL,NULL,NULL,'2019-10-27 00:00:00','2019-11-03 00:00:00',NULL,'2019-09-21 01:14:12'),(44,'Brandon Open - Fall 2019-Round9-Match44',5,8,NULL,NULL,2,1,NULL,NULL,1,1.10,NULL,NULL,NULL,NULL,NULL,NULL,'2019-10-27 00:00:00','2019-11-03 00:00:00',NULL,'2019-09-21 01:14:12'),(45,'Brandon Open - Fall 2019-Round9-Match45',6,7,NULL,NULL,2,1,NULL,NULL,1,1.10,NULL,NULL,NULL,NULL,NULL,NULL,'2019-10-27 00:00:00','2019-11-03 00:00:00',NULL,'2019-09-21 01:14:12');
/*!40000 ALTER TABLE `MATCH_DETAILS` ENABLE KEYS */;
UNLOCK TABLES;

--
-- Table structure for table `MATCH_TYPE`
--

DROP TABLE IF EXISTS `MATCH_TYPE`;
/*!40101 SET @saved_cs_client     = @@character_set_client */;
/*!40101 SET character_set_client = utf8 */;
CREATE TABLE `MATCH_TYPE` (
  `MATCH_TYPE_ID` int(1) NOT NULL,
  `MATCH_TYPE_NAME` varchar(50) NOT NULL,
  `MATCH_TYPE_DISPLAY_NAME` varchar(50) NOT NULL,
  PRIMARY KEY (`MATCH_TYPE_ID`)
) ENGINE=InnoDB DEFAULT CHARSET=utf8mb4 COLLATE=utf8mb4_0900_ai_ci;
/*!40101 SET character_set_client = @saved_cs_client */;

--
-- Dumping data for table `MATCH_TYPE`
--

LOCK TABLES `MATCH_TYPE` WRITE;
/*!40000 ALTER TABLE `MATCH_TYPE` DISABLE KEYS */;
INSERT INTO `MATCH_TYPE` VALUES (1,'REGULAR','Singles'),(2,'TOURNAMENT_LEAGUE','Tournament League'),(3,'TOURNAMENT_PLAYOFF','Tournament Playoff');
/*!40000 ALTER TABLE `MATCH_TYPE` ENABLE KEYS */;
UNLOCK TABLES;

--
-- Table structure for table `MEDIA`
--

DROP TABLE IF EXISTS `MEDIA`;
/*!40101 SET @saved_cs_client     = @@character_set_client */;
/*!40101 SET character_set_client = utf8 */;
CREATE TABLE `MEDIA` (
  `MEDIA_ID` int(11) NOT NULL,
  `IMG_LINK` varchar(2500) DEFAULT NULL,
  `VIDEO_LINK` varchar(2500) DEFAULT NULL,
  `COMMENTS` varchar(500) DEFAULT NULL,
  `MEDIA_INTERNAL_ID` int(11) NOT NULL,
  PRIMARY KEY (`MEDIA_INTERNAL_ID`),
  KEY `MEDIA_ID_IDX` (`MEDIA_ID`)
) ENGINE=InnoDB DEFAULT CHARSET=utf8mb4 COLLATE=utf8mb4_0900_ai_ci;
/*!40101 SET character_set_client = @saved_cs_client */;

--
-- Dumping data for table `MEDIA`
--

LOCK TABLES `MEDIA` WRITE;
/*!40000 ALTER TABLE `MEDIA` DISABLE KEYS */;
INSERT INTO `MEDIA` VALUES (1,'https://scontent.ftpa1-1.fna.fbcdn.net/v/t1.0-9/70977790_102195917845504_4852428964116824064_n.jpg?_nc_cat=107&_nc_oc=AQn-NwKKUBdCIEir5vzBKmQTP5GyMI_RQch4l-dsGJZ2nl60KujKRg4FWQHCaJnB6PEs6zOfzunZlAggJbW2f7R5&_nc_ht=scontent.ftpa1-1.fna&oh=16a966fbd98079915d5e7c7eef250c2a&oe=5E3BEBEC',NULL,NULL,1),(2,'https://scontent.ftpa1-1.fna.fbcdn.net/v/t1.0-9/70632531_102196444512118_997820073655664640_n.jpg?_nc_cat=107&_nc_oc=AQnOqnIwBdBO229_uMp2hjKc7VU_EZr2ztQ6bZFzjSSrm6JWqh6FqvmElwR55s8mkKb-QmQjBWCzsWsYExMR-lNs&_nc_ht=scontent.ftpa1-1.fna&oh=ca4400674805faad5120a4f5112afdb2&oe=5E0040F9',NULL,NULL,2),(3,'https://picsum.photos/900/500?random&t=3',NULL,NULL,3),(3,'https://picsum.photos/900/500?random&t=4',NULL,NULL,4),(3,'https://picsum.photos/900/500?random&t=5',NULL,NULL,5),(3,'https://picsum.photos/900/500?random&t=6',NULL,NULL,6),(3,'https://picsum.photos/900/500?random&t=7',NULL,NULL,7),(3,'https://picsum.photos/900/500?random&t=8',NULL,NULL,8),(3,'https://picsum.photos/900/500?random&t=9',NULL,NULL,9),(3,'https://picsum.photos/900/500?random&t=10',NULL,NULL,10),(3,'https://picsum.photos/900/500?random&t=11',NULL,NULL,11),(3,'https://picsum.photos/900/500?random&t=12',NULL,NULL,12);
/*!40000 ALTER TABLE `MEDIA` ENABLE KEYS */;
UNLOCK TABLES;

--
-- Table structure for table `PLAYER`
--

DROP TABLE IF EXISTS `PLAYER`;
/*!40101 SET @saved_cs_client     = @@character_set_client */;
/*!40101 SET character_set_client = utf8 */;
CREATE TABLE `PLAYER` (
  `PLAYER_ID` int(11) NOT NULL,
  `USER_NAME` varchar(25) NOT NULL,
  `PASSWORD` varchar(25) NOT NULL,
  `FIRST_NAME` varchar(50) NOT NULL,
  `LAST_NAME` varchar(50) NOT NULL,
  `EMAIL_ID` varchar(50) NOT NULL,
  `PHONE_NO` varchar(15) NOT NULL,
  `ADDRESS_ID` int(11) NOT NULL,
  `SEX_NAME` varchar(50) NOT NULL DEFAULT 'MALE',
  `MEDIA_ID` int(11) DEFAULT NULL,
  `DESCRIPTION` varchar(500) DEFAULT NULL,
  `LEVEL` decimal(1,1) DEFAULT NULL,
  `TOURNAMENT_WON` int(11) DEFAULT NULL,
  `REG_MATCH_PLAYED` int(11) DEFAULT NULL,
  `REG_MATCH_WON` int(11) DEFAULT NULL,
  `REG_MATCH_DRAWN` int(11) DEFAULT NULL,
  `TOURNAMENT_MATCH_PLAYED` int(11) DEFAULT NULL,
  `TOURNAMENT_MATCH_WON` int(11) DEFAULT NULL,
  `TOURNAMENT_MATCH_DRAWN` int(11) DEFAULT NULL,
  `RAITNG` int(11) DEFAULT NULL,
  `TOURNAMENT_RAITNG` int(11) DEFAULT NULL,
  PRIMARY KEY (`PLAYER_ID`),
  KEY `PLAYER_MEDIA_FK` (`MEDIA_ID`),
  KEY `PLAYER_SEX_NAME_FK` (`SEX_NAME`),
  KEY `PLAYER_ADDRESS_ID_FK` (`ADDRESS_ID`),
  CONSTRAINT `PLAYER_ADDRESS_ID_FK` FOREIGN KEY (`ADDRESS_ID`) REFERENCES `ADDRESS` (`address_id`),
  CONSTRAINT `PLAYER_MEDIA_FK` FOREIGN KEY (`MEDIA_ID`) REFERENCES `MEDIA` (`media_id`),
  CONSTRAINT `PLAYER_SEX_NAME_FK` FOREIGN KEY (`SEX_NAME`) REFERENCES `SEX` (`sex_name`)
) ENGINE=InnoDB DEFAULT CHARSET=utf8mb4 COLLATE=utf8mb4_0900_ai_ci;
/*!40101 SET character_set_client = @saved_cs_client */;

--
-- Dumping data for table `PLAYER`
--

LOCK TABLES `PLAYER` WRITE;
/*!40000 ALTER TABLE `PLAYER` DISABLE KEYS */;
INSERT INTO `PLAYER` VALUES (1,'gopuravi','password','Gopu','Ravi','gopu_ravi@yahoo.co.in','8137608591',1,'MALE',1,NULL,NULL,NULL,NULL,NULL,NULL,NULL,NULL,NULL,NULL,NULL),(2,'abhishek','password','Abhishek','Abhishek','test123@gmail.com','+1 8135702610',1,'MALE',NULL,NULL,NULL,NULL,NULL,NULL,NULL,NULL,NULL,NULL,NULL,NULL),(3,'bala1','password','Bala','Bala','test123@gmail.com','+1 5109268819',1,'MALE',NULL,NULL,NULL,NULL,NULL,NULL,NULL,NULL,NULL,NULL,NULL,NULL),(4,'mithra','password','Mithra','Mithra','test123@gmail.com','+1 2602395279',1,'MALE',NULL,NULL,NULL,NULL,NULL,NULL,NULL,NULL,NULL,NULL,NULL,NULL),(5,'ovi12','password','Ovi','Ovi','test123@gmail.com','+1 8134105573',1,'MALE',NULL,NULL,NULL,NULL,NULL,NULL,NULL,NULL,NULL,NULL,NULL,NULL),(6,'pradeep','password','Pradeep','Pradeep','test123@gmail.com','+1 5188671488',1,'MALE',NULL,NULL,NULL,NULL,NULL,NULL,NULL,NULL,NULL,NULL,NULL,NULL),(7,'richie','password','Richie','Richie','test123@gmail.com','+1 8133266910',1,'MALE',NULL,NULL,NULL,NULL,NULL,NULL,NULL,NULL,NULL,NULL,NULL,NULL),(8,'suresh','password','Suresh','Suresh','test123@gmail.com','+1 8139666707',1,'MALE',NULL,NULL,NULL,NULL,NULL,NULL,NULL,NULL,NULL,NULL,NULL,NULL),(9,'vamsi','password','Vamsi','Vamsi','test123@gmail.com','+1 3128387490',1,'MALE',NULL,NULL,NULL,NULL,NULL,NULL,NULL,NULL,NULL,NULL,NULL,NULL),(10,'venkat','password','Venkat','Venkat','test123@gmail.com','+1 2019180601',1,'MALE',2,NULL,NULL,NULL,NULL,NULL,NULL,NULL,NULL,NULL,NULL,NULL),(11,'bye','password','Default','Player','bye@gmail.com','+10000000000',1,'MALE',NULL,NULL,NULL,NULL,NULL,NULL,NULL,NULL,NULL,NULL,NULL,NULL);
/*!40000 ALTER TABLE `PLAYER` ENABLE KEYS */;
UNLOCK TABLES;

--
-- Table structure for table `RESULT_TYPE`
--

DROP TABLE IF EXISTS `RESULT_TYPE`;
/*!40101 SET @saved_cs_client     = @@character_set_client */;
/*!40101 SET character_set_client = utf8 */;
CREATE TABLE `RESULT_TYPE` (
  `RESULT_TYPE_ID` int(1) NOT NULL,
  `RESULT_TYPE_NAME` varchar(50) NOT NULL,
  `RESULT_TYPE_DISPLAY_NAME` varchar(50) NOT NULL,
  PRIMARY KEY (`RESULT_TYPE_ID`)
) ENGINE=InnoDB DEFAULT CHARSET=utf8mb4 COLLATE=utf8mb4_0900_ai_ci;
/*!40101 SET character_set_client = @saved_cs_client */;

--
-- Dumping data for table `RESULT_TYPE`
--

LOCK TABLES `RESULT_TYPE` WRITE;
/*!40000 ALTER TABLE `RESULT_TYPE` DISABLE KEYS */;
INSERT INTO `RESULT_TYPE` VALUES (1,'COMPLETED','Completed'),(2,'NOT_COMPLETED','Not Completed'),(3,'NOT_STARTED','Not Started');
/*!40000 ALTER TABLE `RESULT_TYPE` ENABLE KEYS */;
UNLOCK TABLES;

--
-- Table structure for table `SCHEDULE`
--

DROP TABLE IF EXISTS `SCHEDULE`;
/*!40101 SET @saved_cs_client     = @@character_set_client */;
/*!40101 SET character_set_client = utf8 */;
CREATE TABLE `SCHEDULE` (
  `SCHEDULE_ID` int(11) NOT NULL,
  `FROM_DATE` datetime NOT NULL,
  `TO_DATE` datetime NOT NULL,
  `COURT_ID` int(11) DEFAULT NULL,
  PRIMARY KEY (`SCHEDULE_ID`),
  KEY `SCHEDULE_COURT_FK` (`COURT_ID`),
  CONSTRAINT `SCHEDULE_COURT_FK` FOREIGN KEY (`COURT_ID`) REFERENCES `COURT` (`court_id`)
) ENGINE=InnoDB DEFAULT CHARSET=utf8mb4 COLLATE=utf8mb4_0900_ai_ci;
/*!40101 SET character_set_client = @saved_cs_client */;

--
-- Dumping data for table `SCHEDULE`
--

LOCK TABLES `SCHEDULE` WRITE;
/*!40000 ALTER TABLE `SCHEDULE` DISABLE KEYS */;
/*!40000 ALTER TABLE `SCHEDULE` ENABLE KEYS */;
UNLOCK TABLES;

--
-- Table structure for table `SCHEDULE_LOGIC`
--

DROP TABLE IF EXISTS `SCHEDULE_LOGIC`;
/*!40101 SET @saved_cs_client     = @@character_set_client */;
/*!40101 SET character_set_client = utf8 */;
CREATE TABLE `SCHEDULE_LOGIC` (
  `SCHEDULE_LOGIC_ID` int(11) NOT NULL,
  `SCHEDULE_LOGIC_NAME` varchar(50) NOT NULL,
  `SCHEDULE_LOGIC_DISPLAY_NAME` varchar(50) NOT NULL,
  PRIMARY KEY (`SCHEDULE_LOGIC_ID`)
) ENGINE=InnoDB DEFAULT CHARSET=utf8mb4 COLLATE=utf8mb4_0900_ai_ci;
/*!40101 SET character_set_client = @saved_cs_client */;

--
-- Dumping data for table `SCHEDULE_LOGIC`
--

LOCK TABLES `SCHEDULE_LOGIC` WRITE;
/*!40000 ALTER TABLE `SCHEDULE_LOGIC` DISABLE KEYS */;
INSERT INTO `SCHEDULE_LOGIC` VALUES (1,'ROUND_ROBIN','Round Robin'),(2,'SINGLE_ELIMINATION','Single Elimination');
/*!40000 ALTER TABLE `SCHEDULE_LOGIC` ENABLE KEYS */;
UNLOCK TABLES;

--
-- Table structure for table `SCORE`
--

DROP TABLE IF EXISTS `SCORE`;
/*!40101 SET @saved_cs_client     = @@character_set_client */;
/*!40101 SET character_set_client = utf8 */;
CREATE TABLE `SCORE` (
  `SCORE_ID` int(11) NOT NULL,
  `WINNER_PLAYER_ID` int(11) NOT NULL,
  `RUNNER_PLAYER_ID` int(11) NOT NULL,
  `WINNER_SET1_SCORE` int(11) DEFAULT NULL,
  `RUNNER_SET1_SCORE` int(11) DEFAULT NULL,
  `DURATION_SET1_MINS` int(11) DEFAULT NULL,
  `WINNER_SET2_SCORE` int(11) DEFAULT NULL,
  `RUNNER_SET2_SCORE` int(11) DEFAULT NULL,
  `DURATION_SET2_MINS` int(11) DEFAULT NULL,
  `WINNER_SET3_SCORE` int(11) DEFAULT NULL,
  `RUNNER_SET3_SCORE` int(11) DEFAULT NULL,
  `DURATION_SET3_MINS` int(11) DEFAULT NULL,
  `WINNER_SET4_SCORE` int(11) DEFAULT NULL,
  `RUNNER_SET4_SCORE` int(11) DEFAULT NULL,
  `DURATION_SET4_MINS` int(11) DEFAULT NULL,
  `WINNER_SET5_SCORE` int(11) DEFAULT NULL,
  `RUNNER_SET5_SCORE` int(11) DEFAULT NULL,
  `DURATION_SET5_MINS` int(11) DEFAULT NULL,
  PRIMARY KEY (`SCORE_ID`),
  KEY `SCORE_PLAYER_FK1` (`WINNER_PLAYER_ID`),
  KEY `SCORE_PLAYER_FK2` (`RUNNER_PLAYER_ID`),
  CONSTRAINT `SCORE_PLAYER_FK1` FOREIGN KEY (`WINNER_PLAYER_ID`) REFERENCES `PLAYER` (`player_id`),
  CONSTRAINT `SCORE_PLAYER_FK2` FOREIGN KEY (`RUNNER_PLAYER_ID`) REFERENCES `PLAYER` (`player_id`)
) ENGINE=InnoDB DEFAULT CHARSET=utf8mb4 COLLATE=utf8mb4_0900_ai_ci;
/*!40101 SET character_set_client = @saved_cs_client */;

--
-- Dumping data for table `SCORE`
--

LOCK TABLES `SCORE` WRITE;
/*!40000 ALTER TABLE `SCORE` DISABLE KEYS */;
INSERT INTO `SCORE` VALUES (1,2,10,6,3,NULL,6,0,NULL,0,0,NULL,NULL,NULL,NULL,NULL,NULL,NULL);
/*!40000 ALTER TABLE `SCORE` ENABLE KEYS */;
UNLOCK TABLES;

--
-- Table structure for table `SEX`
--

DROP TABLE IF EXISTS `SEX`;
/*!40101 SET @saved_cs_client     = @@character_set_client */;
/*!40101 SET character_set_client = utf8 */;
CREATE TABLE `SEX` (
  `SEX_NAME` varchar(50) NOT NULL,
  `SEX_DISPLAY_NAME` varchar(50) NOT NULL,
  PRIMARY KEY (`SEX_NAME`)
) ENGINE=InnoDB DEFAULT CHARSET=utf8mb4 COLLATE=utf8mb4_0900_ai_ci;
/*!40101 SET character_set_client = @saved_cs_client */;

--
-- Dumping data for table `SEX`
--

LOCK TABLES `SEX` WRITE;
/*!40000 ALTER TABLE `SEX` DISABLE KEYS */;
INSERT INTO `SEX` VALUES ('FEMALE','Female'),('MALE','Male');
/*!40000 ALTER TABLE `SEX` ENABLE KEYS */;
UNLOCK TABLES;

--
-- Table structure for table `TOURNAMENT`
--

DROP TABLE IF EXISTS `TOURNAMENT`;
/*!40101 SET @saved_cs_client     = @@character_set_client */;
/*!40101 SET character_set_client = utf8 */;
CREATE TABLE `TOURNAMENT` (
  `TOURNAMENT_ID` int(11) NOT NULL,
  `TOURNAMENT_NAME` varchar(100) NOT NULL,
  `PRIZE_1ST` int(11) DEFAULT NULL,
  `PRIZE_2ND` int(11) DEFAULT NULL,
  `PRIZE_3RD` int(11) DEFAULT NULL,
  `ENTREE_FEE` int(11) DEFAULT NULL,
  `WINNER_ID` int(11) DEFAULT NULL,
  `RUNNER_ID` int(11) DEFAULT NULL,
  `SCHEDULE_LOGIC_ID` int(11) NOT NULL DEFAULT '1',
  `GAME_TYPE_ID` int(11) NOT NULL DEFAULT '1',
  `START_DATE` datetime DEFAULT NULL,
  `END_DATE` datetime DEFAULT NULL,
  `MATCH_INTERVAL_DAYS` int(11) NOT NULL DEFAULT '7',
  `DIVISION` decimal(5,2) NOT NULL,
  `MEDIA_ID` int(11) DEFAULT NULL,
  PRIMARY KEY (`TOURNAMENT_ID`),
  UNIQUE KEY `TOURNAMENT_DIVISION_UK` (`DIVISION`),
  KEY `TOURNAMENT_PLAYER_FK1` (`WINNER_ID`),
  KEY `TOURNAMENT_PLAYER_FK2` (`RUNNER_ID`),
  KEY `TOURNAMENT_SCHEDULE_LOGIC_ID_FK` (`SCHEDULE_LOGIC_ID`),
  KEY `TOURNAMENT_GAME_TYPE_ID_FK` (`GAME_TYPE_ID`),
  KEY `TOURNAMENT_MEDIA_ID_FK` (`MEDIA_ID`),
  CONSTRAINT `TOURNAMENT_GAME_TYPE_ID_FK` FOREIGN KEY (`GAME_TYPE_ID`) REFERENCES `GAME_TYPE` (`game_type_id`),
  CONSTRAINT `TOURNAMENT_MEDIA_ID_FK` FOREIGN KEY (`MEDIA_ID`) REFERENCES `MEDIA` (`media_id`),
  CONSTRAINT `TOURNAMENT_PLAYER_FK1` FOREIGN KEY (`WINNER_ID`) REFERENCES `PLAYER` (`player_id`),
  CONSTRAINT `TOURNAMENT_PLAYER_FK2` FOREIGN KEY (`RUNNER_ID`) REFERENCES `PLAYER` (`player_id`),
  CONSTRAINT `TOURNAMENT_SCHEDULE_LOGIC_ID_FK` FOREIGN KEY (`SCHEDULE_LOGIC_ID`) REFERENCES `SCHEDULE_LOGIC` (`schedule_logic_id`)
) ENGINE=InnoDB DEFAULT CHARSET=utf8mb4 COLLATE=utf8mb4_0900_ai_ci;
/*!40101 SET character_set_client = @saved_cs_client */;

--
-- Dumping data for table `TOURNAMENT`
--

LOCK TABLES `TOURNAMENT` WRITE;
/*!40000 ALTER TABLE `TOURNAMENT` DISABLE KEYS */;
INSERT INTO `TOURNAMENT` VALUES (1,'Brandon Open - Fall 2019',100,50,NULL,15,NULL,NULL,1,1,'2019-09-01 00:00:00',NULL,7,1.10,3);
/*!40000 ALTER TABLE `TOURNAMENT` ENABLE KEYS */;
UNLOCK TABLES;

--
-- Table structure for table `TOURNAMENT_PLAYER_DETAILS`
--

DROP TABLE IF EXISTS `TOURNAMENT_PLAYER_DETAILS`;
/*!40101 SET @saved_cs_client     = @@character_set_client */;
/*!40101 SET character_set_client = utf8 */;
CREATE TABLE `TOURNAMENT_PLAYER_DETAILS` (
  `TOURNAMENT_PLAYER_ID` int(11) NOT NULL,
  `TOURNAMENT_ID` int(11) NOT NULL,
  `PLAYER_ID` int(11) NOT NULL,
  `RANKING` int(11) DEFAULT NULL,
  `MATCH_WON` int(11) DEFAULT NULL,
  `MATCH_LOST` int(11) DEFAULT NULL,
  `SET_WON` int(11) DEFAULT NULL,
  `SET_LOST` int(11) DEFAULT NULL,
  `GAME_WON` int(11) DEFAULT NULL,
  `GAME_LOST` int(11) DEFAULT NULL,
  PRIMARY KEY (`TOURNAMENT_PLAYER_ID`),
  KEY `TOURNAMENT_PLAYER_TOURNAMENT_ID_FK` (`TOURNAMENT_ID`),
  KEY `TOURNAMENT_PLAYER_PLAYER_ID_FK` (`PLAYER_ID`),
  CONSTRAINT `TOURNAMENT_PLAYER_PLAYER_ID_FK` FOREIGN KEY (`PLAYER_ID`) REFERENCES `PLAYER` (`player_id`),
  CONSTRAINT `TOURNAMENT_PLAYER_TOURNAMENT_ID_FK` FOREIGN KEY (`TOURNAMENT_ID`) REFERENCES `TOURNAMENT` (`tournament_id`)
) ENGINE=InnoDB DEFAULT CHARSET=utf8mb4 COLLATE=utf8mb4_0900_ai_ci;
/*!40101 SET character_set_client = @saved_cs_client */;

--
-- Dumping data for table `TOURNAMENT_PLAYER_DETAILS`
--

LOCK TABLES `TOURNAMENT_PLAYER_DETAILS` WRITE;
/*!40000 ALTER TABLE `TOURNAMENT_PLAYER_DETAILS` DISABLE KEYS */;
INSERT INTO `TOURNAMENT_PLAYER_DETAILS` VALUES (1,1,1,NULL,NULL,NULL,NULL,NULL,NULL,NULL),(2,1,2,1,1,0,2,0,9,3),(3,1,3,NULL,NULL,NULL,NULL,NULL,NULL,NULL),(4,1,4,NULL,NULL,NULL,NULL,NULL,NULL,NULL),(5,1,5,NULL,NULL,NULL,NULL,NULL,NULL,NULL),(6,1,6,NULL,NULL,NULL,NULL,NULL,NULL,NULL),(7,1,7,NULL,NULL,NULL,NULL,NULL,NULL,NULL),(8,1,8,NULL,NULL,NULL,NULL,NULL,NULL,NULL),(9,1,9,NULL,NULL,NULL,NULL,NULL,NULL,NULL),(10,1,10,2,0,1,0,2,3,9);
/*!40000 ALTER TABLE `TOURNAMENT_PLAYER_DETAILS` ENABLE KEYS */;
UNLOCK TABLES;

--
-- Table structure for table `test1`
--

DROP TABLE IF EXISTS `test1`;
/*!40101 SET @saved_cs_client     = @@character_set_client */;
/*!40101 SET character_set_client = utf8 */;
CREATE TABLE `test1` (
  `test_id` int(11) NOT NULL AUTO_INCREMENT,
  `test_name` varchar(100) NOT NULL,
  PRIMARY KEY (`test_id`)
) ENGINE=InnoDB DEFAULT CHARSET=utf8mb4 COLLATE=utf8mb4_0900_ai_ci;
/*!40101 SET character_set_client = @saved_cs_client */;

--
-- Dumping data for table `test1`
--

LOCK TABLES `test1` WRITE;
/*!40000 ALTER TABLE `test1` DISABLE KEYS */;
/*!40000 ALTER TABLE `test1` ENABLE KEYS */;
UNLOCK TABLES;
/*!40103 SET TIME_ZONE=@OLD_TIME_ZONE */;

/*!40101 SET SQL_MODE=@OLD_SQL_MODE */;
/*!40014 SET FOREIGN_KEY_CHECKS=@OLD_FOREIGN_KEY_CHECKS */;
/*!40014 SET UNIQUE_CHECKS=@OLD_UNIQUE_CHECKS */;
/*!40101 SET CHARACTER_SET_CLIENT=@OLD_CHARACTER_SET_CLIENT */;
/*!40101 SET CHARACTER_SET_RESULTS=@OLD_CHARACTER_SET_RESULTS */;
/*!40101 SET COLLATION_CONNECTION=@OLD_COLLATION_CONNECTION */;
/*!40111 SET SQL_NOTES=@OLD_SQL_NOTES */;

-- Dump completed on 2019-09-23 21:52:05
